JoeRosta0,Password,0
KarimBuraqitz1,Password,1
SamSmith2,Password,2
DonnelBurna3,Password,3
JoeHirwa4,Password,4
SamJoel5,Password,5
IsaacSmith6,Password,6
DonnelRosta7,Password,7
JoeHirwa8,Password,8
JoeJoel9,Password,9
SarahSmith10,Password,10
BillHirwa11,Password,11
BillBurna12,Password,12
KarimSmith13,Password,13
SarahBurna14,Password,14
IsaacBuraqitz15,Password,15
JoeGimba16,Password,16
JoeGimba17,Password,17
DonnelRosta18,Password,18
BillJoel19,Password,19
SarahBuraqitz20,Password,20
IsaacJoel21,Password,21
DonnelHirwa22,Password,22
KarimBurna23,Password,23
JoeSmith24,Password,24
BillBurna25,Password,25
DonnelBurna26,Password,26
JoeRosta27,Password,27
DonnelBuraqitz28,Password,28
BillSmith29,Password,29
SarahGimba30,Password,30
SamJoel31,Password,31
DonnelBurna32,Password,32
IsaacGimba33,Password,33
SarahBurna34,Password,34
BillJoel35,Password,35
SamBuraqitz36,Password,36
KarimGimba37,Password,37
SarahBuraqitz38,Password,38
IsaacBurna39,Password,39
SarahGimba40,Password,40
SarahBurna41,Password,41
KarimSmith42,Password,42
DonnelJoel43,Password,43
KarimHirwa44,Password,44
BillBuraqitz45,Password,45
DonnelRosta46,Password,46
BillJoel47,Password,47
DonnelHirwa48,Password,48
SarahJoel49,Password,49
SarahBurna50,Password,50
SamGimba51,Password,51
JoeBurna52,Password,52
SamBuraqitz53,Password,53
BillGimba54,Password,54
KarimHirwa55,Password,55
BillBurna56,Password,56
IsaacHirwa57,Password,57
KarimBuraqitz58,Password,58
BillBuraqitz59,Password,59
JoeRosta60,Password,60
SamHirwa61,Password,61
SarahBurna62,Password,62
DonnelBuraqitz63,Password,63
KarimRosta64,Password,64
DonnelRosta65,Password,65
SamRosta66,Password,66
DonnelBurna67,Password,67
SarahBuraqitz68,Password,68
BillSmith69,Password,69
BillRosta70,Password,70
DonnelBurna71,Password,71
KarimSmith72,Password,72
SamRosta73,Password,73
DonnelBurna74,Password,74
JoeSmith75,Password,75
KarimRosta76,Password,76
DonnelJoel77,Password,77
SarahBurna78,Password,78
SarahBuraqitz79,Password,79
DonnelBurna80,Password,80
BillGimba81,Password,81
IsaacJoel82,Password,82
JoeBurna83,Password,83
JoeHirwa84,Password,84
JoeBuraqitz85,Password,85
JoeSmith86,Password,86
DonnelBuraqitz87,Password,87
BillHirwa88,Password,88
KarimJoel89,Password,89
BillGimba90,Password,90
SamRosta91,Password,91
IsaacJoel92,Password,92
BillGimba93,Password,93
KarimGimba94,Password,94
